紀錄編號,員工代碼,服務日期,開始時間,服務分鐘,服務狀態,地點代碼
DEMO-0001,E01,2025-05-01,09:00,150,已簽退,SITE-A
DEMO-0022,E02,2025-05-01,09:00,300,已簽退,SITE-B
DEMO-0041,E03,2025-05-01,09:00,140,已簽退,SITE-A
DEMO-0060,E04,2025-05-01,09:00,480,已簽退,SITE-B
DEMO-0073,E05,2025-05-01,09:00,540,已簽退,SITE-C
DEMO-0042,E03,2025-05-01,11:35,140,已簽退,SITE-B
DEMO-0002,E01,2025-05-01,11:45,150,已簽退,SITE-B
DEMO-0043,E03,2025-05-01,14:10,140,已簽退,SITE-A
DEMO-0003,E01,2025-05-02,09:00,300,已簽退,SITE-A
DEMO-0023,E02,2025-05-02,09:00,300,已簽退,SITE-B
DEMO-0044,E03,2025-05-02,09:00,420,已簽退,SITE-C
DEMO-0061,E04,2025-05-02,09:00,480,已簽退,SITE-B
DEMO-0074,E05,2025-05-02,09:00,540,已簽退,SITE-C
DEMO-0062,E04,2025-05-03,09:00,480,已簽退,SITE-B
DEMO-0063,E04,2025-05-04,09:00,480,已簽退,SITE-B
DEMO-0004,E01,2025-05-05,09:00,300,已簽退,SITE-A
DEMO-0024,E02,2025-05-05,09:00,300,已簽退,SITE-B
DEMO-0045,E03,2025-05-05,09:00,420,已簽退,SITE-C
DEMO-0064,E04,2025-05-05,09:00,480,已簽退,SITE-B
DEMO-0075,E05,2025-05-05,09:00,540,已簽退,SITE-C
DEMO-0005,E01,2025-05-06,09:00,300,已簽退,SITE-A
DEMO-0025,E02,2025-05-06,09:00,300,已簽退,SITE-B
DEMO-0046,E03,2025-05-06,09:00,420,已簽退,SITE-C
DEMO-0065,E04,2025-05-06,09:00,480,已簽退,SITE-B
DEMO-0076,E05,2025-05-06,09:00,540,已簽退,SITE-C
DEMO-0006,E01,2025-05-07,09:00,300,已簽退,SITE-A
DEMO-0026,E02,2025-05-07,09:00,300,已簽退,SITE-B
DEMO-0047,E03,2025-05-07,09:00,420,已簽退,SITE-C
DEMO-0066,E04,2025-05-07,09:00,480,已簽退,SITE-B
DEMO-0077,E05,2025-05-07,09:00,540,已簽退,SITE-C
DEMO-0007,E01,2025-05-08,09:00,300,已簽退,SITE-A
DEMO-0027,E02,2025-05-08,09:00,300,已簽退,SITE-B
DEMO-0048,E03,2025-05-08,09:00,420,已簽退,SITE-C
DEMO-0067,E04,2025-05-08,09:00,480,已簽退,SITE-B
DEMO-0078,E05,2025-05-08,09:00,540,已簽退,SITE-C
DEMO-0008,E01,2025-05-09,09:00,300,已簽退,SITE-A
DEMO-0028,E02,2025-05-09,09:00,300,已簽退,SITE-B
DEMO-0049,E03,2025-05-09,09:00,420,已簽退,SITE-C
DEMO-0068,E04,2025-05-09,09:00,480,已簽退,SITE-B
DEMO-0079,E05,2025-05-09,09:00,540,已簽退,SITE-C
DEMO-0069,E04,2025-05-10,09:00,480,已簽退,SITE-B
DEMO-0083,E05,2025-05-10,09:00,360,已簽退,SITE-C
DEMO-0070,E04,2025-05-11,09:00,480,已簽退,SITE-B
DEMO-0009,E01,2025-05-12,09:00,300,已簽退,SITE-A
DEMO-0029,E02,2025-05-12,09:00,300,已簽退,SITE-B
DEMO-0050,E03,2025-05-12,09:00,420,已簽退,SITE-C
DEMO-0071,E04,2025-05-12,09:00,480,已簽退,SITE-B
DEMO-0080,E05,2025-05-12,09:00,540,已簽退,SITE-C
DEMO-0010,E01,2025-05-13,09:00,300,已簽退,SITE-A
DEMO-0030,E02,2025-05-13,09:00,300,已簽退,SITE-B
DEMO-0051,E03,2025-05-13,09:00,420,已簽退,SITE-C
DEMO-0081,E05,2025-05-13,09:00,540,已簽退,SITE-C
DEMO-0011,E01,2025-05-14,09:00,300,已簽退,SITE-A
DEMO-0031,E02,2025-05-14,09:00,300,已簽退,SITE-B
DEMO-0052,E03,2025-05-14,09:00,420,已簽退,SITE-C
DEMO-0072,E04,2025-05-14,09:00,240,已簽退,SITE-B
DEMO-0082,E05,2025-05-14,09:00,540,已簽退,SITE-C
DEMO-0012,E01,2025-05-15,09:00,300,已簽退,SITE-A
DEMO-0032,E02,2025-05-15,09:00,300,已簽退,SITE-B
DEMO-0053,E03,2025-05-15,09:00,420,已簽退,SITE-C
DEMO-0013,E01,2025-05-16,09:00,300,已簽退,SITE-A
DEMO-0033,E02,2025-05-16,09:00,300,已簽退,SITE-B
DEMO-0054,E03,2025-05-16,09:00,420,已簽退,SITE-C
DEMO-0084,E05,2025-05-17,09:00,360,已簽退,SITE-C
DEMO-0014,E01,2025-05-19,09:00,300,已簽退,SITE-A
DEMO-0034,E02,2025-05-19,09:00,300,已簽退,SITE-B
DEMO-0055,E03,2025-05-19,09:00,420,已簽退,SITE-C
DEMO-0015,E01,2025-05-20,09:00,300,已簽退,SITE-A
DEMO-0035,E02,2025-05-20,09:00,300,已簽退,SITE-B
DEMO-0056,E03,2025-05-20,09:00,420,已簽退,SITE-C
DEMO-0016,E01,2025-05-21,09:00,300,已簽退,SITE-A
DEMO-0036,E02,2025-05-21,09:00,300,已簽退,SITE-B
DEMO-0057,E03,2025-05-21,09:00,420,已簽退,SITE-C
DEMO-0017,E01,2025-05-22,09:00,300,已簽退,SITE-A
DEMO-0037,E02,2025-05-22,09:00,300,已簽退,SITE-B
DEMO-0058,E03,2025-05-22,09:00,420,已簽退,SITE-C
DEMO-0018,E01,2025-05-23,09:00,300,已簽退,SITE-A
DEMO-0038,E02,2025-05-23,09:00,300,已簽退,SITE-B
DEMO-0059,E03,2025-05-23,09:00,480,已簽退,SITE-C
DEMO-0019,E01,2025-05-26,09:00,300,已簽退,SITE-A
DEMO-0039,E02,2025-05-26,09:00,300,已簽退,SITE-B
DEMO-0020,E01,2025-05-27,09:00,300,已簽退,SITE-A
DEMO-0040,E02,2025-05-27,09:00,300,已簽退,SITE-B
DEMO-0021,E01,2025-05-28,09:00,300,已簽退,SITE-A
DEMO-0085,E02,2025-05-31,09:00,60,取消,SITE-B
